checking_account_status,duration,credit_history,purpose,credit_amount,savings_account,employment_duration,installment_rate,personal_status_sex,other_debtors,present_residence,property,age,other_installment_plans,housing,number_credits,job,people_liable,telephone,foreign_worker,credit risk
< 0 DM,18,existing credits paid back duly till now,radio/TV,3190,< 100 DM,1 ≤ … < 4 years,2,female (divorced/separated/married),none,2,real estate,24,none,own,1,skilled employee,1,none,yes,bad
< 0 DM,18,existing credits paid back duly till now,car (new),4380,100 ≤ … < 500 DM,1 ≤ … < 4 years,3,male (single),none,4,car or other,35,none,own,1,unskilled resident,2,yes,yes,good
< 0 DM,24,all credits paid back at this bank,car (new),2325,100 ≤ … < 500 DM,4 ≤ … < 7 years,2,male (single),none,3,car or other,32,bank,own,1,skilled employee,1,none,yes,good
≥ 200 DM,12,existing credits paid back duly till now,radio/TV,1297,< 100 DM,1 ≤ … < 4 years,3,male (married/widowed),none,4,real estate,23,none,rent,1,skilled employee,1,none,yes,good
no checking account,33,critical account / other credits existing,car (used),7253,< 100 DM,4 ≤ … < 7 years,3,male (single),none,2,car or other,35,none,own,2,management / highly qualified / self-employed / officer,1,yes,yes,good
< 0 DM,24,existing credits paid back duly till now,radio/TV,2384,< 100 DM,≥ 7 years,4,male (single),none,4,real estate,64,bank,rent,1,unskilled resident,1,none,yes,good
≥ 200 DM,6,existing credits paid back duly till now,furniture/equipment,2116,< 100 DM,1 ≤ … < 4 years,2,male (single),none,2,real estate,41,none,own,1,skilled employee,1,yes,yes,good
0 ≤ … < 200 DM,12,delay in paying off in the past,radio/TV,585,< 100 DM,1 ≤ … < 4 years,4,male (married/widowed),co-applicant,4,real estate,20,none,rent,2,skilled employee,1,none,yes,good
no checking account,9,existing credits paid back duly till now,car (new),3577,100 ≤ … < 500 DM,1 ≤ … < 4 years,1,male (single),guarantor,2,real estate,26,none,rent,1,skilled employee,2,none,no,good
no checking account,27,delay in paying off in the past,car (used),8613,≥ 1000 DM,1 ≤ … < 4 years,2,male (single),none,2,car or other,27,none,own,2,skilled employee,1,none,yes,good
0 ≤ … < 200 DM,6,existing credits paid back duly till now,radio/TV,484,< 100 DM,4 ≤ … < 7 years,3,male (married/widowed),guarantor,3,real estate,28,bank,own,1,unskilled resident,1,none,yes,good
< 0 DM,42,existing credits paid back duly till now,radio/TV,3965,< 100 DM,< 1 year,4,male (single),none,3,car or other,34,none,own,1,skilled employee,1,none,yes,bad
no checking account,24,existing credits paid back duly till now,radio/TV,1376,500 ≤ … < 1000 DM,4 ≤ … < 7 years,4,female (divorced/separated/married),none,1,car or other,28,none,own,1,skilled employee,1,none,yes,good
< 0 DM,60,existing credits paid back duly till now,business,7297,< 100 DM,≥ 7 years,4,male (single),co-applicant,4,unknown / no property,36,none,rent,1,skilled employee,1,none,yes,bad
0 ≤ … < 200 DM,60,existing credits paid back duly till now,education,6288,< 100 DM,1 ≤ … < 4 years,4,male (single),none,4,unknown / no property,42,none,for free,1,skilled employee,1,none,yes,bad
< 0 DM,18,existing credits paid back duly till now,furniture/equipment,4153,< 100 DM,1 ≤ … < 4 years,2,male (single),co-applicant,3,car or other,42,none,own,1,skilled employee,1,none,yes,bad
no checking account,15,critical account / other credits existing,car (used),3368,≥ 1000 DM,≥ 7 years,3,male (single),none,4,unknown / no property,23,none,rent,2,skilled employee,1,yes,yes,good
no checking account,18,critical account / other credits existing,radio/TV,1098,< 100 DM,unemployed,4,female (divorced/separated/married),none,4,car or other,65,none,own,2,unemployed / unskilled non-resident,1,none,yes,good
< 0 DM,18,critical account / other credits existing,furniture/equipment,2124,< 100 DM,1 ≤ … < 4 years,4,female (divorced/separated/married),none,4,real estate,24,none,rent,2,skilled employee,1,none,yes,bad
< 0 DM,15,delay in paying off in the past,furniture/equipment,3643,< 100 DM,≥ 7 years,1,female (divorced/separated/married),none,4,building society savings / life insurance,27,none,own,2,unskilled resident,1,none,yes,good
no checking account,48,critical account / other credits existing,car (used),8858,unknown / no savings account,4 ≤ … < 7 years,2,male (single),none,1,unknown / no property,35,none,for free,2,skilled employee,1,yes,yes,good
< 0 DM,21,delay in paying off in the past,education,3414,< 100 DM,< 1 year,2,male (single),none,1,building society savings / life insurance,26,none,own,2,skilled employee,1,none,yes,bad
no checking account,18,critical account / other credits existing,radio/TV,6070,< 100 DM,≥ 7 years,3,male (single),none,4,car or other,33,none,own,2,skilled employee,1,yes,yes,good
no checking account,4,critical account / other credits existing,radio/TV,1503,< 100 DM,4 ≤ … < 7 years,2,male (single),none,1,real estate,42,none,own,2,unskilled resident,2,none,yes,good
no checking account,9,critical account / other credits existing,radio/TV,3074,unknown / no savings account,1 ≤ … < 4 years,1,male (single),none,2,real estate,33,none,own,2,skilled employee,2,none,yes,good
< 0 DM,24,existing credits paid back duly till now,radio/TV,1823,< 100 DM,unemployed,4,male (single),none,2,car or other,30,stores,own,1,management / highly qualified / self-employed / officer,2,none,yes,bad
0 ≤ … < 200 DM,36,existing credits paid back duly till now,radio/TV,2323,< 100 DM,4 ≤ … < 7 years,4,male (single),none,4,car or other,24,none,rent,1,skilled employee,1,none,yes,good
≥ 200 DM,42,no credits taken / all paid back duly,business,6289,< 100 DM,< 1 year,2,male (divorced/separated),none,1,building society savings / life insurance,33,none,own,2,skilled employee,1,none,yes,good
no checking account,36,critical account / other credits existing,car (used),10477,unknown / no savings account,≥ 7 years,2,male (single),none,4,unknown / no property,42,none,for free,2,skilled employee,1,none,yes,good
no checking account,12,existing credits paid back duly till now,car (new),2859,unknown / no savings account,unemployed,4,male (single),none,4,unknown / no property,38,none,own,1,management / highly qualified / self-employed / officer,1,yes,yes,good
0 ≤ … < 200 DM,13,critical account / other credits existing,radio/TV,882,< 100 DM,< 1 year,4,male (single),guarantor,4,real estate,23,none,own,2,skilled employee,1,none,yes,good
≥ 200 DM,12,existing credits paid back duly till now,radio/TV,1881,< 100 DM,1 ≤ … < 4 years,2,female (divorced/separated/married),none,2,car or other,44,none,rent,1,unskilled resident,1,yes,yes,good
no checking account,18,critical account / other credits existing,car (new),1530,< 100 DM,1 ≤ … < 4 years,3,male (single),none,2,building society savings / life insurance,32,bank,own,2,skilled employee,1,none,yes,bad
≥ 200 DM,6,critical account / other credits existing,car (new),1323,100 ≤ … < 500 DM,≥ 7 years,2,male (divorced/separated),none,4,car or other,28,none,own,2,skilled employee,2,yes,yes,good
no checking account,36,existing credits paid back duly till now,car (new),3079,unknown / no savings account,1 ≤ … < 4 years,4,male (single),none,4,real estate,36,none,own,1,skilled employee,1,none,yes,good
0 ≤ … < 200 DM,24,existing credits paid back duly till now,car (used),2760,unknown / no savings account,≥ 7 years,4,male (single),none,4,unknown / no property,36,bank,for free,1,skilled employee,1,yes,yes,good
0 ≤ … < 200 DM,36,delay in paying off in the past,car (new),2862,100 ≤ … < 500 DM,≥ 7 years,4,male (single),none,3,unknown / no property,30,none,for free,1,skilled employee,1,none,yes,good
no checking account,12,existing credits paid back duly till now,car (new),2133,unknown / no savings account,≥ 7 years,4,female (divorced/separated/married),none,4,unknown / no property,52,none,for free,1,management / highly qualified / self-employed / officer,1,yes,yes,good
no checking account,20,critical account / other credits existing,car (new),3485,unknown / no savings account,< 1 year,2,male (divorced/separated),none,4,real estate,44,none,own,2,skilled employee,1,yes,yes,good
< 0 DM,36,critical account / other credits existing,furniture/equipment,6229,< 100 DM,< 1 year,4,female (divorced/separated/married),co-applicant,4,unknown / no property,23,none,rent,2,unskilled resident,1,yes,yes,bad
≥ 200 DM,36,existing credits paid back duly till now,radio/TV,4473,< 100 DM,≥ 7 years,4,male (single),none,2,car or other,31,none,own,1,skilled employee,1,none,yes,good
no checking account,12,critical account / other credits existing,education,2012,unknown / no savings account,4 ≤ … < 7 years,4,female (divorced/separated/married),none,2,car or other,61,none,own,1,skilled employee,1,none,yes,good
≥ 200 DM,24,existing credits paid back duly till now,furniture/equipment,3749,< 100 DM,< 1 year,2,female (divorced/separated/married),none,4,car or other,26,none,own,1,skilled employee,1,none,yes,good
no checking account,30,critical account / other credits existing,radio/TV,2831,< 100 DM,1 ≤ … < 4 years,4,female (divorced/separated/married),none,2,car or other,33,none,own,1,skilled employee,1,yes,yes,good
0 ≤ … < 200 DM,21,critical account / other credits existing,furniture/equipment,2745,≥ 1000 DM,4 ≤ … < 7 years,3,male (single),none,2,car or other,32,none,own,2,skilled employee,1,yes,yes,good
< 0 DM,12,existing credits paid back duly till now,furniture/equipment,1262,unknown / no savings account,≥ 7 years,2,male (divorced/separated),none,4,building society savings / life insurance,49,none,own,1,unskilled resident,1,yes,yes,good
< 0 DM,24,all credits paid back at this bank,furniture/equipment,6872,< 100 DM,< 1 year,2,male (divorced/separated),none,1,building society savings / life insurance,55,bank,own,1,skilled employee,1,yes,yes,bad
0 ≤ … < 200 DM,9,existing credits paid back duly till now,furniture/equipment,918,< 100 DM,1 ≤ … < 4 years,4,female (divorced/separated/married),none,1,building society savings / life insurance,30,none,own,1,skilled employee,1,none,yes,bad
≥ 200 DM,12,all credits paid back at this bank,business,609,< 100 DM,< 1 year,4,female (divorced/separated/married),none,1,real estate,26,none,own,1,unemployed / unskilled non-resident,1,none,yes,bad
no checking account,4,existing credits paid back duly till now,furniture/equipment,601,< 100 DM,< 1 year,1,female (divorced/separated/married),none,3,real estate,23,none,rent,1,unskilled resident,2,none,yes,good
< 0 DM,24,existing credits paid back duly till now,furniture/equipment,3234,< 100 DM,< 1 year,4,female (divorced/separated/married),none,4,real estate,23,none,rent,1,unskilled resident,1,yes,yes,bad
no checking account,30,critical account / other credits existing,radio/TV,6742,unknown / no savings account,4 ≤ … < 7 years,2,male (single),none,3,building society savings / life insurance,36,none,own,2,skilled employee,1,none,yes,good
< 0 DM,24,existing credits paid back duly till now,radio/TV,1603,< 100 DM,≥ 7 years,4,female (divorced/separated/married),none,4,car or other,55,none,own,1,skilled employee,1,none,yes,good
0 ≤ … < 200 DM,36,critical account / other credits existing,car (new),2820,< 100 DM,< 1 year,4,male (divorced/separated),none,4,car or other,27,none,own,2,skilled employee,1,none,yes,bad
0 ≤ … < 200 DM,12,critical account / other credits existing,car (used),1804,100 ≤ … < 500 DM,< 1 year,3,male (single),none,4,building society savings / life insurance,44,none,own,1,skilled employee,1,none,yes,good
0 ≤ … < 200 DM,18,existing credits paid back duly till now,business,1913,≥ 1000 DM,< 1 year,3,male (married/widowed),none,3,real estate,36,bank,own,1,skilled employee,1,yes,yes,good
< 0 DM,6,critical account / other credits existing,car (new),3676,< 100 DM,1 ≤ … < 4 years,1,male (single),none,3,real estate,37,none,rent,3,skilled employee,2,none,yes,good
0 ≤ … < 200 DM,12,existing credits paid back duly till now,car (new),1295,< 100 DM,< 1 year,3,female (divorced/separated/married),none,1,car or other,25,none,rent,1,skilled employee,1,none,yes,bad
< 0 DM,12,existing credits paid back duly till now,education,1200,unknown / no savings account,1 ≤ … < 4 years,4,female (divorced/separated/married),none,4,building society savings / life insurance,23,bank,rent,1,skilled employee,1,yes,yes,good
no checking account,12,existing credits paid back duly till now,car (new),1101,< 100 DM,1 ≤ … < 4 years,3,male (married/widowed),none,2,real estate,27,none,own,2,skilled employee,1,yes,yes,good
no checking account,12,existing credits paid back duly till now,car (used),4675,unknown / no savings account,< 1 year,1,female (divorced/separated/married),none,4,car or other,20,none,rent,1,skilled employee,1,none,yes,good
0 ≤ … < 200 DM,36,delay in paying off in the past,car (new),2225,< 100 DM,≥ 7 years,4,male (single),none,4,unknown / no property,57,bank,for free,2,skilled employee,1,yes,yes,bad
< 0 DM,30,existing credits paid back duly till now,furniture/equipment,6350,unknown / no savings account,≥ 7 years,4,male (single),none,4,building society savings / life insurance,31,none,own,1,skilled employee,1,none,yes,bad
no checking account,12,existing credits paid back duly till now,car (used),1413,≥ 1000 DM,4 ≤ … < 7 years,3,male (single),none,2,building society savings / life insurance,55,none,own,1,skilled employee,1,none,no,good
≥ 200 DM,10,existing credits paid back duly till now,furniture/equipment,1275,< 100 DM,< 1 year,4,female (divorced/separated/married),none,2,building society savings / life insurance,23,none,own,1,skilled employee,1,none,yes,good
0 ≤ … < 200 DM,24,existing credits paid back duly till now,radio/TV,2896,100 ≤ … < 500 DM,< 1 year,2,male (single),none,1,car or other,29,none,own,1,skilled employee,1,none,yes,good
no checking account,21,existing credits paid back duly till now,furniture/equipment,2241,< 100 DM,≥ 7 years,4,male (single),none,2,real estate,50,none,own,2,skilled employee,1,none,yes,good
< 0 DM,18,existing credits paid back duly till now,radio/TV,2389,< 100 DM,< 1 year,4,female (divorced/separated/married),none,1,car or other,27,stores,own,1,skilled employee,1,none,yes,good
no checking account,36,existing credits paid back duly till now,car (used),8133,< 100 DM,1 ≤ … < 4 years,1,female (divorced/separated/married),none,2,building society savings / life insurance,30,bank,own,1,skilled employee,1,none,yes,good
≥ 200 DM,18,existing credits paid back duly till now,furniture/equipment,2864,< 100 DM,1 ≤ … < 4 years,2,male (single),none,1,real estate,34,none,own,1,unskilled resident,2,none,yes,bad
0 ≤ … < 200 DM,12,existing credits paid back duly till now,car (new),6078,< 100 DM,4 ≤ … < 7 years,2,male (single),none,2,car or other,32,none,own,1,skilled employee,1,none,yes,good
0 ≤ … < 200 DM,6,existing credits paid back duly till now,radio/TV,368,unknown / no savings account,≥ 7 years,4,male (single),none,4,building society savings / life insurance,38,none,own,1,skilled employee,1,none,yes,good
< 0 DM,12,critical account / other credits existing,radio/TV,385,< 100 DM,4 ≤ … < 7 years,4,female (divorced/separated/married),none,3,real estate,58,none,own,4,unskilled resident,1,yes,yes,good
0 ≤ … < 200 DM,10,all credits paid back at this bank,radio/TV,1048,< 100 DM,1 ≤ … < 4 years,4,male (single),none,4,real estate,23,stores,own,1,unskilled resident,1,none,yes,good
< 0 DM,24,critical account / other credits existing,car (used),6419,< 100 DM,≥ 7 years,2,female (divorced/separated/married),none,4,unknown / no property,44,none,for free,2,management / highly qualified / self-employed / officer,2,yes,yes,good
< 0 DM,24,delay in paying off in the past,radio/TV,1024,< 100 DM,< 1 year,4,male (married/widowed),none,4,real estate,48,stores,own,1,skilled employee,1,none,yes,bad
< 0 DM,24,existing credits paid back duly till now,car (new),2303,< 100 DM,≥ 7 years,4,male (single),co-applicant,1,real estate,45,none,own,1,skilled employee,1,none,yes,bad
0 ≤ … < 200 DM,9,existing credits paid back duly till now,radio/TV,458,< 100 DM,1 ≤ … < 4 years,4,male (single),none,3,real estate,24,none,own,1,skilled employee,1,none,yes,good
< 0 DM,12,critical account / other credits existing,furniture/equipment,2246,< 100 DM,≥ 7 years,3,male (single),none,3,building society savings / life insurance,60,none,own,2,skilled employee,1,none,yes,bad
< 0 DM,12,existing credits paid back duly till now,radio/TV,727,100 ≤ … < 500 DM,< 1 year,4,male (married/widowed),none,3,unknown / no property,33,none,own,1,unskilled resident,1,yes,yes,bad
no checking account,18,existing credits paid back duly till now,radio/TV,1453,< 100 DM,< 1 year,3,female (divorced/separated/married),none,1,real estate,26,none,own,1,skilled employee,1,none,yes,good
no checking account,12,existing credits paid back duly till now,radio/TV,2171,< 100 DM,< 1 year,2,female (divorced/separated/married),none,2,car or other,29,bank,own,1,skilled employee,1,none,yes,good
no checking account,9,existing credits paid back duly till now,radio/TV,2697,< 100 DM,1 ≤ … < 4 years,1,male (single),none,2,real estate,32,none,own,1,skilled employee,2,none,yes,good
0 ≤ … < 200 DM,12,existing credits paid back duly till now,car (new),1007,≥ 1000 DM,1 ≤ … < 4 years,4,male (married/widowed),none,1,real estate,22,none,own,1,skilled employee,1,none,yes,good
no checking account,12,critical account / other credits existing,education,701,< 100 DM,1 ≤ … < 4 years,4,male (single),none,2,car or other,32,none,own,2,skilled employee,1,none,yes,good
< 0 DM,12,all credits paid back at this bank,radio/TV,626,< 100 DM,1 ≤ … < 4 years,4,female (divorced/separated/married),none,4,real estate,24,bank,own,1,unskilled resident,1,none,yes,bad
< 0 DM,45,existing credits paid back duly till now,radio/TV,1845,< 100 DM,1 ≤ … < 4 years,4,male (single),none,4,unknown / no property,23,none,for free,1,skilled employee,1,yes,yes,bad
0 ≤ … < 200 DM,60,existing credits paid back duly till now,car (new),14027,< 100 DM,4 ≤ … < 7 years,4,male (single),none,2,unknown / no property,27,none,own,1,management / highly qualified / self-employed / officer,1,yes,yes,bad
no checking account,30,critical account / other credits existing,radio/TV,5771,< 100 DM,4 ≤ … < 7 years,4,female (divorced/separated/married),none,2,car or other,25,none,own,2,skilled employee,1,none,yes,good
no checking account,24,existing credits paid back duly till now,car (new),1525,≥ 1000 DM,4 ≤ … < 7 years,4,female (divorced/separated/married),none,3,car or other,34,none,own,1,skilled employee,2,yes,yes,good
no checking account,22,existing credits paid back duly till now,car (new),1283,unknown / no savings account,4 ≤ … < 7 years,4,female (divorced/separated/married),none,4,building society savings / life insurance,25,none,rent,1,skilled employee,1,none,yes,good
no checking account,6,existing credits paid back duly till now,radio/TV,518,< 100 DM,1 ≤ … < 4 years,3,female (divorced/separated/married),none,1,real estate,29,none,own,1,skilled employee,1,none,yes,good
< 0 DM,48,no credits taken / all paid back duly,furniture/equipment,7119,< 100 DM,1 ≤ … < 4 years,3,male (single),none,4,unknown / no property,53,none,for free,2,skilled employee,2,none,yes,bad
< 0 DM,24,existing credits paid back duly till now,furniture/equipment,3021,< 100 DM,1 ≤ … < 4 years,2,male (divorced/separated),none,2,real estate,24,none,rent,1,unskilled resident,1,none,yes,good
no checking account,48,critical account / other credits existing,car (used),2751,unknown / no savings account,≥ 7 years,4,male (single),none,3,car or other,38,none,own,2,skilled employee,2,yes,yes,good
no checking account,6,existing credits paid back duly till now,repairs,660,500 ≤ … < 1000 DM,4 ≤ … < 7 years,2,male (married/widowed),none,4,real estate,23,none,rent,1,unskilled resident,1,none,yes,good
no checking account,24,critical account / other credits existing,car (new),2463,100 ≤ … < 500 DM,4 ≤ … < 7 years,4,male (married/widowed),none,3,building society savings / life insurance,27,none,own,2,skilled employee,1,yes,yes,good
< 0 DM,18,existing credits paid back duly till now,car (new),2249,100 ≤ … < 500 DM,4 ≤ … < 7 years,4,male (single),none,3,car or other,30,none,own,1,management / highly qualified / self-employed / officer,2,yes,yes,good
0 ≤ … < 200 DM,48,no credits taken / all paid back duly,business,14421,< 100 DM,1 ≤ … < 4 years,2,male (single),none,2,car or other,25,none,own,1,skilled employee,1,yes,yes,bad
< 0 DM,18,critical account / other credits existing,car (new),3966,< 100 DM,≥ 7 years,1,female (divorced/separated/married),none,4,real estate,33,bank,rent,3,skilled employee,1,yes,yes,bad
no checking account,30,critical account / other credits existing,radio/TV,3077,unknown / no savings account,≥ 7 years,3,male (single),none,2,car or other,40,none,own,2,skilled employee,2,yes,yes,good
0 ≤ … < 200 DM,9,existing credits paid back duly till now,furniture/equipment,959,< 100 DM,1 ≤ … < 4 years,1,female (divorced/separated/married),none,2,car or other,29,none,own,1,skilled employee,1,none,no,bad
≥ 200 DM,9,existing credits paid back duly till now,radio/TV,745,< 100 DM,1 ≤ … < 4 years,3,female (divorced/separated/married),none,2,real estate,28,none,own,1,unskilled resident,1,none,yes,bad
no checking account,24,critical account / other credits existing,radio/TV,2684,< 100 DM,1 ≤ … < 4 years,4,male (single),none,2,real estate,35,none,own,2,unskilled resident,1,none,yes,good
no checking account,12,existing credits paid back duly till now,education,1393,< 100 DM,≥ 7 years,4,male (single),none,4,building society savings / life insurance,47,bank,own,3,skilled employee,2,yes,yes,good
< 0 DM,18,critical account / other credits existing,radio/TV,1880,< 100 DM,4 ≤ … < 7 years,4,male (married/widowed),none,1,building society savings / life insurance,32,none,own,2,management / highly qualified / self-employed / officer,1,yes,yes,good
0 ≤ … < 200 DM,9,existing credits paid back duly till now,education,1199,< 100 DM,4 ≤ … < 7 years,4,female (divorced/separated/married),none,4,building society savings / life insurance,67,none,own,2,management / highly qualified / self-employed / officer,1,yes,yes,good
0 ≤ … < 200 DM,24,existing credits paid back duly till now,furniture/equipment,3069,100 ≤ … < 500 DM,≥ 7 years,4,male (single),none,4,unknown / no property,30,none,for free,1,skilled employee,1,none,yes,good
no checking account,24,existing credits paid back duly till now,furniture/equipment,3972,< 100 DM,4 ≤ … < 7 years,2,female (divorced/separated/married),none,4,building society savings / life insurance,25,none,rent,1,skilled employee,1,yes,yes,good
< 0 DM,6,existing credits paid back duly till now,car (new),14896,< 100 DM,≥ 7 years,1,male (single),none,4,unknown / no property,68,bank,own,1,management / highly qualified / self-employed / officer,1,yes,yes,bad
< 0 DM,36,existing credits paid back duly till now,radio/TV,2302,< 100 DM,1 ≤ … < 4 years,4,male (divorced/separated),none,4,car or other,31,none,rent,1,skilled employee,1,none,yes,bad
< 0 DM,8,critical account / other credits existing,car (new),731,< 100 DM,≥ 7 years,4,male (single),none,4,real estate,47,none,own,2,unskilled resident,1,none,yes,good
< 0 DM,15,critical account / other credits existing,furniture/equipment,1433,< 100 DM,1 ≤ … < 4 years,4,female (divorced/separated/married),none,3,building society savings / life insurance,25,none,rent,2,skilled employee,1,none,yes,good
no checking account,6,existing credits paid back duly till now,domestic appliances,1338,500 ≤ … < 1000 DM,1 ≤ … < 4 years,1,male (divorced/separated),none,4,real estate,62,none,own,1,skilled employee,1,none,yes,good
0 ≤ … < 200 DM,18,critical account / other credits existing,furniture/equipment,1295,< 100 DM,< 1 year,4,female (divorced/separated/married),none,1,building society savings / life insurance,27,none,own,2,skilled employee,1,none,yes,good
< 0 DM,6,critical account / other credits existing,furniture/equipment,1872,< 100 DM,unemployed,4,male (single),none,4,unknown / no property,36,none,for free,3,management / highly qualified / self-employed / officer,1,yes,yes,good
0 ≤ … < 200 DM,18,critical account / other credits existing,car (new),884,< 100 DM,≥ 7 years,4,male (single),none,4,car or other,36,bank,own,1,skilled employee,2,yes,yes,bad
no checking account,24,delay in paying off in the past,car (new),2538,< 100 DM,≥ 7 years,4,male (single),none,4,car or other,47,none,own,2,unskilled resident,2,none,yes,bad
no checking account,24,existing credits paid back duly till now,radio/TV,3105,unknown / no savings account,< 1 year,4,male (single),none,2,car or other,25,none,own,2,skilled employee,1,none,yes,good
no checking account,48,critical account / other credits existing,business,7629,unknown / no savings account,≥ 7 years,4,male (divorced/separated),none,2,car or other,46,bank,own,2,management / highly qualified / self-employed / officer,2,none,yes,good
< 0 DM,12,critical account / other credits existing,car (new),2171,< 100 DM,1 ≤ … < 4 years,4,male (single),none,4,building society savings / life insurance,38,bank,own,2,unskilled resident,1,none,no,good
0 ≤ … < 200 DM,18,existing credits paid back duly till now,car (used),2779,< 100 DM,1 ≤ … < 4 years,1,male (married/widowed),none,3,car or other,21,none,rent,1,skilled employee,1,yes,yes,good
< 0 DM,9,critical account / other credits existing,radio/TV,1138,< 100 DM,1 ≤ … < 4 years,4,male (single),none,4,real estate,25,none,own,2,unskilled resident,1,none,yes,good
< 0 DM,12,existing credits paid back duly till now,furniture/equipment,1657,< 100 DM,1 ≤ … < 4 years,2,male (single),none,2,real estate,27,none,own,1,skilled employee,1,none,yes,good
0 ≤ … < 200 DM,21,existing credits paid back duly till now,business,2767,100 ≤ … < 500 DM,≥ 7 years,4,male (divorced/separated),none,2,car or other,61,bank,rent,2,unskilled resident,1,none,yes,bad
0 ≤ … < 200 DM,18,critical account / other credits existing,furniture/equipment,1928,< 100 DM,< 1 year,2,male (single),none,2,real estate,31,none,own,2,unskilled resident,1,none,yes,bad
0 ≤ … < 200 DM,36,existing credits paid back duly till now,repairs,2384,< 100 DM,< 1 year,4,male (single),none,1,unknown / no property,33,none,rent,1,unskilled resident,1,none,yes,bad
no checking account,9,critical account / other credits existing,education,1244,unknown / no savings account,≥ 7 years,4,female (divorced/separated/married),none,4,building society savings / life insurance,41,none,rent,2,unskilled resident,1,none,yes,good
no checking account,12,critical account / other credits existing,furniture/equipment,3331,< 100 DM,≥ 7 years,2,male (single),none,4,building society savings / life insurance,42,stores,own,1,skilled employee,1,none,yes,good
no checking account,24,critical account / other credits existing,education,1597,< 100 DM,≥ 7 years,4,male (single),none,4,unknown / no property,54,none,for free,2,skilled employee,2,none,yes,good
no checking account,24,delay in paying off in the past,business,3863,< 100 DM,1 ≤ … < 4 years,1,male (single),none,2,unknown / no property,32,none,for free,1,skilled employee,1,none,yes,good
< 0 DM,12,existing credits paid back duly till now,radio/TV,709,< 100 DM,≥ 7 years,4,male (single),none,4,real estate,57,stores,own,1,unskilled resident,1,none,yes,bad
0 ≤ … < 200 DM,15,existing credits paid back duly till now,radio/TV,802,< 100 DM,≥ 7 years,4,male (single),none,3,car or other,37,none,own,1,skilled employee,2,none,yes,bad
no checking account,12,existing credits paid back duly till now,furniture/equipment,1736,< 100 DM,4 ≤ … < 7 years,3,female (divorced/separated/married),none,4,real estate,31,none,own,1,unskilled resident,1,none,yes,good
< 0 DM,6,existing credits paid back duly till now,car (new),662,< 100 DM,< 1 year,3,male (single),none,4,real estate,41,none,own,1,unskilled resident,2,yes,yes,good
no checking account,6,all credits paid back at this bank,car (new),783,unknown / no savings account,1 ≤ … < 4 years,1,male (single),guarantor,2,real estate,26,stores,own,1,unskilled resident,2,none,yes,good
< 0 DM,21,existing credits paid back duly till now,radio/TV,1835,< 100 DM,1 ≤ … < 4 years,3,female (divorced/separated/married),none,2,real estate,25,none,own,2,skilled employee,1,yes,yes,bad
0 ≤ … < 200 DM,6,critical account / other credits existing,retraining,932,unknown / no savings account,4 ≤ … < 7 years,1,female (divorced/separated/married),none,3,building society savings / life insurance,39,none,own,2,unskilled resident,1,none,yes,good
< 0 DM,6,existing credits paid back duly till now,furniture/equipment,1374,< 100 DM,1 ≤ … < 4 years,1,male (single),none,2,real estate,36,bank,own,1,unskilled resident,1,yes,yes,good
< 0 DM,8,critical account / other credits existing,others,1164,< 100 DM,≥ 7 years,3,male (single),none,4,unknown / no property,51,bank,for free,2,management / highly qualified / self-employed / officer,2,yes,yes,good
< 0 DM,48,critical account / other credits existing,car (used),6143,< 100 DM,≥ 7 years,4,female (divorced/separated/married),none,4,unknown / no property,58,stores,for free,2,unskilled resident,1,none,yes,bad
no checking account,6,no credits taken / all paid back duly,car (new),1204,100 ≤ … < 500 DM,1 ≤ … < 4 years,4,male (single),none,1,unknown / no property,35,bank,rent,1,skilled employee,1,none,no,good
0 ≤ … < 200 DM,6,all credits paid back at this bank,education,433,≥ 1000 DM,< 1 year,4,female (divorced/separated/married),none,2,building society savings / life insurance,24,bank,rent,1,skilled employee,2,none,yes,bad
no checking account,12,existing credits paid back duly till now,furniture/equipment,1574,< 100 DM,1 ≤ … < 4 years,4,male (single),none,2,real estate,50,none,own,1,skilled employee,1,none,yes,good
0 ≤ … < 200 DM,36,critical account / other credits existing,car (used),5800,< 100 DM,1 ≤ … < 4 years,3,male (single),none,4,car or other,34,none,own,2,skilled employee,1,yes,yes,good
< 0 DM,24,all credits paid back at this bank,business,3161,< 100 DM,1 ≤ … < 4 years,4,male (single),none,2,building society savings / life insurance,31,none,rent,1,skilled employee,1,yes,yes,bad
0 ≤ … < 200 DM,8,existing credits paid back duly till now,business,907,< 100 DM,< 1 year,3,male (married/widowed),none,2,real estate,26,none,own,1,skilled employee,1,yes,yes,good
no checking account,12,all credits paid back at this bank,retraining,3447,500 ≤ … < 1000 DM,1 ≤ … < 4 years,4,female (divorced/separated/married),none,3,real estate,35,none,own,1,unskilled resident,2,none,yes,good
< 0 DM,36,existing credits paid back duly till now,furniture/equipment,2712,< 100 DM,≥ 7 years,2,male (single),none,2,building society savings / life insurance,41,bank,own,1,skilled employee,2,none,yes,bad
< 0 DM,24,existing credits paid back duly till now,radio/TV,1938,< 100 DM,< 1 year,4,male (divorced/separated),none,3,building society savings / life insurance,32,none,own,1,skilled employee,1,none,yes,bad
no checking account,24,critical account / other credits existing,radio/TV,1851,< 100 DM,4 ≤ … < 7 years,4,male (married/widowed),guarantor,2,car or other,33,none,own,2,skilled employee,1,yes,yes,good
0 ≤ … < 200 DM,24,existing credits paid back duly till now,car (new),3512,100 ≤ … < 500 DM,4 ≤ … < 7 years,2,male (single),none,3,car or other,38,bank,own,2,skilled employee,1,yes,yes,good
0 ≤ … < 200 DM,18,delay in paying off in the past,business,2427,unknown / no savings account,≥ 7 years,4,male (single),none,2,building society savings / life insurance,42,none,own,2,skilled employee,1,none,yes,good
< 0 DM,18,critical account / other credits existing,repairs,1190,< 100 DM,unemployed,2,female (divorced/separated/married),none,4,unknown / no property,55,none,for free,3,unemployed / unskilled non-resident,2,none,yes,bad
no checking account,10,existing credits paid back duly till now,car (new),1546,< 100 DM,1 ≤ … < 4 years,3,male (single),none,2,real estate,31,none,own,1,unskilled resident,2,none,no,good
0 ≤ … < 200 DM,12,existing credits paid back duly till now,furniture/equipment,3017,< 100 DM,< 1 year,3,female (divorced/separated/married),none,1,real estate,34,none,rent,1,management / highly qualified / self-employed / officer,1,none,yes,good
0 ≤ … < 200 DM,9,existing credits paid back duly till now,car (new),276,< 100 DM,1 ≤ … < 4 years,4,male (married/widowed),none,4,real estate,22,none,rent,1,unskilled resident,1,none,yes,good
no checking account,12,critical account / other credits existing,car (new),926,< 100 DM,unemployed,1,female (divorced/separated/married),none,2,building society savings / life insurance,38,none,own,1,unemployed / unskilled non-resident,1,none,yes,good
0 ≤ … < 200 DM,9,existing credits paid back duly till now,business,1391,< 100 DM,1 ≤ … < 4 years,2,male (married/widowed),none,1,real estate,27,bank,own,1,skilled employee,1,yes,yes,good
0 ≤ … < 200 DM,24,existing credits paid back duly till now,furniture/equipment,4057,< 100 DM,4 ≤ … < 7 years,3,male (divorced/separated),none,3,car or other,43,none,own,1,skilled employee,1,yes,yes,bad
0 ≤ … < 200 DM,6,all credits paid back at this bank,car (new),931,100 ≤ … < 500 DM,< 1 year,1,female (divorced/separated/married),none,1,building society savings / life insurance,32,stores,own,1,unskilled resident,1,none,yes,bad
no checking account,10,existing credits paid back duly till now,car (used),2901,unknown / no savings account,< 1 year,1,female (divorced/separated/married),none,4,real estate,31,none,rent,1,skilled employee,1,none,yes,good
< 0 DM,12,existing credits paid back duly till now,education,684,< 100 DM,1 ≤ … < 4 years,4,male (single),none,4,car or other,40,none,rent,1,unskilled resident,2,none,yes,bad
< 0 DM,48,existing credits paid back duly till now,education,7476,< 100 DM,4 ≤ … < 7 years,4,male (single),none,1,unknown / no property,50,none,for free,1,management / highly qualified / self-employed / officer,1,yes,yes,good
no checking account,15,existing credits paid back duly till now,furniture/equipment,2221,500 ≤ … < 1000 DM,1 ≤ … < 4 years,2,female (divorced/separated/married),none,4,car or other,20,none,rent,1,skilled employee,1,none,yes,good
< 0 DM,12,critical account / other credits existing,car (new),4843,< 100 DM,≥ 7 years,3,male (single),co-applicant,4,building society savings / life insurance,43,none,rent,2,skilled employee,1,yes,yes,bad
no checking account,18,existing credits paid back duly till now,furniture/equipment,2515,< 100 DM,1 ≤ … < 4 years,3,male (single),none,4,real estate,43,none,own,1,skilled employee,1,yes,yes,good
< 0 DM,12,existing credits paid back duly till now,car (new),3651,≥ 1000 DM,1 ≤ … < 4 years,1,male (single),none,3,building society savings / life insurance,31,none,own,1,skilled employee,2,none,yes,good
≥ 200 DM,4,existing credits paid back duly till now,car (new),1494,unknown / no savings account,< 1 year,1,male (single),none,2,real estate,29,none,own,1,unskilled resident,2,none,no,good
0 ≤ … < 200 DM,48,existing credits paid back duly till now,others,5381,unknown / no savings account,unemployed,3,male (single),none,4,unknown / no property,40,bank,for free,1,unemployed / unskilled non-resident,1,yes,yes,good
≥ 200 DM,12,existing credits paid back duly till now,radio/TV,3399,unknown / no savings account,≥ 7 years,2,male (single),none,3,car or other,37,none,own,1,management / highly qualified / self-employed / officer,1,none,yes,good
< 0 DM,15,critical account / other credits existing,furniture/equipment,1478,< 100 DM,≥ 7 years,4,male (single),none,4,car or other,44,none,own,2,skilled employee,2,yes,yes,good
0 ≤ … < 200 DM,6,delay in paying off in the past,business,1449,100 ≤ … < 500 DM,≥ 7 years,1,male (divorced/separated),none,2,car or other,31,bank,own,2,skilled employee,2,none,yes,good
0 ≤ … < 200 DM,24,critical account / other credits existing,radio/TV,1743,< 100 DM,≥ 7 years,4,male (single),none,2,building society savings / life insurance,48,none,own,2,unskilled resident,1,none,yes,good
no checking account,12,existing credits paid back duly till now,radio/TV,3077,< 100 DM,1 ≤ … < 4 years,2,male (single),none,4,car or other,52,none,own,1,skilled employee,1,yes,yes,good
no checking account,6,existing credits paid back duly till now,furniture/equipment,1766,< 100 DM,1 ≤ … < 4 years,1,male (married/widowed),none,2,building society savings / life insurance,21,none,rent,1,skilled employee,1,none,yes,good
0 ≤ … < 200 DM,9,existing credits paid back duly till now,furniture/equipment,2030,unknown / no savings account,4 ≤ … < 7 years,2,male (single),none,1,car or other,24,none,own,1,skilled employee,1,yes,yes,good
no checking account,11,critical account / other credits existing,radio/TV,1154,100 ≤ … < 500 DM,unemployed,4,female (divorced/separated/married),none,4,real estate,57,none,own,3,unskilled resident,1,none,yes,good
< 0 DM,20,critical account / other credits existing,furniture/equipment,4272,< 100 DM,≥ 7 years,1,female (divorced/separated/married),none,4,building society savings / life insurance,24,none,own,2,skilled employee,1,none,yes,good
0 ≤ … < 200 DM,72,existing credits paid back duly till now,radio/TV,5595,100 ≤ … < 500 DM,1 ≤ … < 4 years,2,male (married/widowed),none,2,car or other,24,none,own,1,skilled employee,1,none,yes,bad
< 0 DM,12,critical account / other credits existing,car (new),2122,< 100 DM,1 ≤ … < 4 years,3,male (single),none,2,real estate,39,none,rent,2,unskilled resident,2,none,no,good
no checking account,24,critical account / other credits existing,business,4139,100 ≤ … < 500 DM,1 ≤ … < 4 years,3,male (single),none,3,building society savings / life insurance,27,none,own,2,unskilled resident,1,yes,yes,good
no checking account,7,delay in paying off in the past,radio/TV,846,unknown / no savings account,≥ 7 years,3,male (single),none,4,unknown / no property,36,none,for free,1,skilled employee,1,none,yes,good
no checking account,15,critical account / other credits existing,education,1532,100 ≤ … < 500 DM,1 ≤ … < 4 years,4,female (divorced/separated/married),none,3,car or other,31,none,own,1,skilled employee,1,none,yes,good
0 ≤ … < 200 DM,21,existing credits paid back duly till now,furniture/equipment,3976,unknown / no savings account,4 ≤ … < 7 years,2,male (single),none,3,car or other,35,none,own,1,skilled employee,1,yes,yes,good
0 ≤ … < 200 DM,12,existing credits paid back duly till now,radio/TV,766,500 ≤ … < 1000 DM,1 ≤ … < 4 years,4,male (single),none,3,real estate,66,none,own,1,unskilled resident,1,none,yes,bad
0 ≤ … < 200 DM,24,existing credits paid back duly till now,car (new),1246,< 100 DM,< 1 year,4,male (single),none,2,real estate,23,stores,own,1,unskilled resident,1,none,yes,bad
no checking account,12,existing credits paid back duly till now,business,1542,< 100 DM,4 ≤ … < 7 years,2,male (single),none,4,car or other,36,none,own,1,skilled employee,1,yes,yes,good
no checking account,24,existing credits paid back duly till now,furniture/equipment,929,unknown / no savings account,4 ≤ … < 7 years,4,male (single),none,2,car or other,31,stores,own,1,skilled employee,1,yes,yes,good
no checking account,15,existing credits paid back duly till now,car (used),3029,< 100 DM,4 ≤ … < 7 years,2,male (single),none,2,car or other,33,none,own,1,skilled employee,1,none,yes,good
no checking account,18,existing credits paid back duly till now,furniture/equipment,1533,< 100 DM,< 1 year,4,male (married/widowed),co-applicant,1,building society savings / life insurance,43,none,own,1,unskilled resident,2,none,yes,bad
0 ≤ … < 200 DM,48,delay in paying off in the past,business,6681,unknown / no savings account,1 ≤ … < 4 years,4,male (single),none,4,unknown / no property,38,none,for free,1,skilled employee,2,yes,yes,good
0 ≤ … < 200 DM,12,existing credits paid back duly till now,car (new),888,< 100 DM,≥ 7 years,4,male (single),none,4,car or other,41,bank,own,1,unskilled resident,2,none,yes,bad
0 ≤ … < 200 DM,18,delay in paying off in the past,furniture/equipment,4297,< 100 DM,≥ 7 years,4,male (divorced/separated),none,3,unknown / no property,40,none,own,1,management / highly qualified / self-employed / officer,1,yes,yes,bad
≥ 200 DM,30,delay in paying off in the past,business,1908,< 100 DM,≥ 7 years,4,male (single),none,4,real estate,66,none,own,1,management / highly qualified / self-employed / officer,1,yes,yes,bad
no checking account,24,existing credits paid back duly till now,radio/TV,3235,500 ≤ … < 1000 DM,≥ 7 years,3,male (divorced/separated),none,2,car or other,26,none,own,1,management / highly qualified / self-employed / officer,1,yes,yes,good
0 ≤ … < 200 DM,60,existing credits paid back duly till now,car (new),7408,100 ≤ … < 500 DM,< 1 year,4,female (divorced/separated/married),none,2,building society savings / life insurance,24,none,own,1,management / highly qualified / self-employed / officer,1,none,yes,bad
< 0 DM,24,existing credits paid back duly till now,business,6568,< 100 DM,1 ≤ … < 4 years,2,male (married/widowed),none,2,car or other,21,stores,own,1,unskilled resident,1,none,yes,good
< 0 DM,24,all credits paid back at this bank,car (used),3632,< 100 DM,1 ≤ … < 4 years,1,female (divorced/separated/married),guarantor,4,car or other,22,bank,rent,1,skilled employee,1,none,no,good
no checking account,54,no credits taken / all paid back duly,car (used),9436,unknown / no savings account,1 ≤ … < 4 years,2,male (single),none,2,building society savings / life insurance,39,none,own,1,unskilled resident,2,none,yes,good
< 0 DM,60,delay in paying off in the past,business,6836,< 100 DM,≥ 7 years,3,male (single),none,4,unknown / no property,63,none,own,2,skilled employee,1,yes,yes,bad
≥ 200 DM,21,critical account / other credits existing,education,2319,< 100 DM,< 1 year,2,male (divorced/separated),none,1,car or other,33,none,rent,1,skilled employee,1,none,yes,bad
no checking account,6,existing credits paid back duly till now,car (used),1236,500 ≤ … < 1000 DM,1 ≤ … < 4 years,2,male (single),none,4,building society savings / life insurance,50,none,rent,1,skilled employee,1,none,yes,good
no checking account,21,no credits taken / all paid back duly,car (new),5003,unknown / no savings account,1 ≤ … < 4 years,1,female (divorced/separated/married),none,4,building society savings / life insurance,29,bank,own,2,skilled employee,1,yes,yes,bad
no checking account,12,existing credits paid back duly till now,radio/TV,886,unknown / no savings account,1 ≤ … < 4 years,4,female (divorced/separated/married),none,2,car or other,21,none,own,1,skilled employee,1,none,yes,good
< 0 DM,24,existing credits paid back duly till now,car (new),1442,< 100 DM,4 ≤ … < 7 years,4,female (divorced/separated/married),none,4,car or other,23,none,rent,2,skilled employee,1,none,yes,bad
no checking account,6,existing credits paid back duly till now,furniture/equipment,2978,500 ≤ … < 1000 DM,1 ≤ … < 4 years,1,male (single),none,2,car or other,32,none,own,1,skilled employee,1,yes,yes,good
< 0 DM,24,existing credits paid back duly till now,furniture/equipment,2359,100 ≤ … < 500 DM,unemployed,1,male (divorced/separated),none,1,building society savings / life insurance,33,none,own,1,skilled employee,1,none,yes,bad
< 0 DM,24,existing credits paid back duly till now,furniture/equipment,2996,unknown / no savings account,1 ≤ … < 4 years,2,male (married/widowed),none,4,car or other,20,none,own,1,skilled employee,1,none,yes,bad
no checking account,18,critical account / other credits existing,furniture/equipment,3780,< 100 DM,< 1 year,3,male (divorced/separated),none,2,car or other,35,none,own,2,management / highly qualified / self-employed / officer,1,yes,yes,good
no checking account,27,existing credits paid back duly till now,repairs,5190,unknown / no savings account,≥ 7 years,4,male (single),none,4,building society savings / life insurance,48,none,own,4,skilled employee,2,yes,yes,good
0 ≤ … < 200 DM,36,existing credits paid back duly till now,radio/TV,4795,< 100 DM,< 1 year,4,female (divorced/separated/married),none,1,unknown / no property,30,none,own,1,management / highly qualified / self-employed / officer,1,yes,yes,good
< 0 DM,12,all credits paid back at this bank,car (new),697,< 100 DM,< 1 year,4,male (single),none,2,car or other,46,bank,own,2,skilled employee,1,yes,yes,bad
no checking account,18,no credits taken / all paid back duly,business,4165,< 100 DM,1 ≤ … < 4 years,2,male (single),none,2,car or other,36,stores,own,2,skilled employee,2,none,yes,bad
< 0 DM,14,existing credits paid back duly till now,car (new),3973,< 100 DM,unemployed,1,male (single),none,4,unknown / no property,22,none,for free,1,skilled employee,1,none,yes,good
no checking account,18,critical account / other credits existing,education,1864,100 ≤ … < 500 DM,1 ≤ … < 4 years,4,female (divorced/separated/married),none,2,real estate,30,none,own,2,skilled employee,1,none,yes,bad
≥ 200 DM,6,critical account / other credits existing,education,1047,< 100 DM,1 ≤ … < 4 years,2,female (divorced/separated/married),none,4,building society savings / life insurance,50,none,own,1,unskilled resident,1,none,yes,good
no checking account,18,existing credits paid back duly till now,radio/TV,433,< 100 DM,unemployed,3,female (divorced/separated/married),co-applicant,4,real estate,22,none,rent,1,skilled employee,1,none,yes,bad
0 ≤ … < 200 DM,36,existing credits paid back duly till now,education,3711,unknown / no savings account,1 ≤ … < 4 years,2,male (married/widowed),none,2,car or other,27,none,own,1,skilled employee,1,none,yes,good
0 ≤ … < 200 DM,9,existing credits paid back duly till now,radio/TV,1206,< 100 DM,≥ 7 years,4,female (divorced/separated/married),none,4,real estate,25,none,own,1,skilled employee,1,none,yes,good
no checking account,6,existing credits paid back duly till now,furniture/equipment,1543,≥ 1000 DM,1 ≤ … < 4 years,4,male (divorced/separated),none,2,real estate,33,none,own,1,skilled employee,1,none,yes,good
no checking account,4,critical account / other credits existing,car (new),3380,< 100 DM,4 ≤ … < 7 years,1,female (divorced/separated/married),none,1,real estate,37,none,own,1,skilled employee,2,none,yes,good
≥ 200 DM,24,existing credits paid back duly till now,radio/TV,1258,500 ≤ … < 1000 DM,1 ≤ … < 4 years,3,female (divorced/separated/married),none,3,car or other,57,none,own,1,unskilled resident,1,none,yes,good
no checking account,12,existing credits paid back duly till now,radio/TV,2073,100 ≤ … < 500 DM,1 ≤ … < 4 years,4,female (divorced/separated/married),co-applicant,2,real estate,28,none,own,1,skilled employee,1,none,yes,good
< 0 DM,21,existing credits paid back duly till now,radio/TV,2606,< 100 DM,< 1 year,4,female (divorced/separated/married),none,4,building society savings / life insurance,28,none,rent,1,management / highly qualified / self-employed / officer,1,yes,yes,good
no checking account,12,critical account / other credits existing,education,2096,< 100 DM,4 ≤ … < 7 years,2,male (single),none,3,real estate,49,none,own,1,unskilled resident,2,none,yes,good
no checking account,12,critical account / other credits existing,car (new),1255,< 100 DM,≥ 7 years,4,male (single),none,4,real estate,61,none,own,2,unskilled resident,1,none,yes,good
no checking account,9,existing credits paid back duly till now,domestic appliances,1236,< 100 DM,< 1 year,1,female (divorced/separated/married),none,4,real estate,23,none,rent,1,skilled employee,1,yes,yes,good
no checking account,24,existing credits paid back duly till now,radio/TV,1278,< 100 DM,≥ 7 years,4,male (single),none,1,real estate,36,none,own,1,management / highly qualified / self-employed / officer,1,yes,yes,good
< 0 DM,6,existing credits paid back duly till now,car (new),1374,unknown / no savings account,unemployed,4,female (divorced/separated/married),none,3,building society savings / life insurance,75,none,own,1,management / highly qualified / self-employed / officer,1,yes,yes,good
≥ 200 DM,10,existing credits paid back duly till now,car (new),3949,< 100 DM,< 1 year,1,male (single),guarantor,1,building society savings / life insurance,37,none,own,1,unskilled resident,2,none,yes,good
no checking account,12,existing credits paid back duly till now,car (new),2390,unknown / no savings account,≥ 7 years,4,male (single),none,3,car or other,50,none,own,1,skilled employee,1,yes,yes,good
0 ≤ … < 200 DM,24,existing credits paid back duly till now,car (new),1201,< 100 DM,< 1 year,4,male (single),none,1,building society savings / life insurance,26,none,own,1,skilled employee,1,none,yes,good
no checking account,15,critical account / other credits existing,furniture/equipment,2788,< 100 DM,4 ≤ … < 7 years,2,female (divorced/separated/married),co-applicant,3,car or other,24,bank,own,2,skilled employee,1,none,yes,good
no checking account,12,critical account / other credits existing,business,1264,unknown / no savings account,≥ 7 years,4,male (single),none,4,unknown / no property,57,none,rent,1,unskilled resident,1,none,yes,good
< 0 DM,24,existing credits paid back duly till now,furniture/equipment,4020,< 100 DM,1 ≤ … < 4 years,2,male (single),none,2,car or other,27,stores,own,1,skilled employee,1,none,yes,good
no checking account,9,existing credits paid back duly till now,car (new),2507,500 ≤ … < 1000 DM,≥ 7 years,2,male (single),none,4,unknown / no property,51,none,for free,1,unskilled resident,1,none,yes,good
no checking account,24,existing credits paid back duly till now,radio/TV,2397,500 ≤ … < 1000 DM,≥ 7 years,3,male (single),none,2,car or other,35,bank,own,2,skilled employee,1,yes,yes,bad
0 ≤ … < 200 DM,27,existing credits paid back duly till now,business,3915,< 100 DM,1 ≤ … < 4 years,4,male (single),none,2,car or other,36,none,own,1,skilled employee,2,yes,yes,bad
no checking account,48,critical account / other credits existing,car (used),11590,100 ≤ … < 500 DM,1 ≤ … < 4 years,2,female (divorced/separated/married),none,4,car or other,24,bank,rent,2,unskilled resident,1,none,yes,bad
< 0 DM,42,existing credits paid back duly till now,furniture/equipment,7882,< 100 DM,4 ≤ … < 7 years,2,male (single),guarantor,4,building society savings / life insurance,45,none,for free,1,skilled employee,2,none,yes,good
no checking account,12,critical account / other credits existing,car (new),1495,< 100 DM,≥ 7 years,4,male (single),none,1,real estate,38,none,own,2,unskilled resident,2,none,yes,good
no checking account,24,existing credits paid back duly till now,car (new),2255,unknown / no savings account,< 1 year,4,male (single),none,1,building society savings / life insurance,54,none,own,1,skilled employee,1,none,yes,good
0 ≤ … < 200 DM,9,existing credits paid back duly till now,car (new),1549,unknown / no savings account,< 1 year,4,male (single),none,2,real estate,35,none,own,1,unemployed / unskilled non-resident,1,none,yes,good
no checking account,30,existing credits paid back duly till now,car (used),4811,unknown / no savings account,4 ≤ … < 7 years,2,female (divorced/separated/married),none,4,building society savings / life insurance,24,stores,rent,1,unskilled resident,1,none,yes,good
0 ≤ … < 200 DM,14,existing credits paid back duly till now,business,1410,500 ≤ … < 1000 DM,≥ 7 years,1,male (married/widowed),none,2,real estate,35,none,own,1,skilled employee,1,yes,yes,good
no checking account,5,existing credits paid back duly till now,business,3448,< 100 DM,4 ≤ … < 7 years,1,male (single),none,4,real estate,74,none,own,1,unskilled resident,1,none,yes,good
0 ≤ … < 200 DM,11,delay in paying off in the past,radio/TV,4771,< 100 DM,4 ≤ … < 7 years,2,male (single),none,4,building society savings / life insurance,51,none,own,1,skilled employee,1,none,yes,good
< 0 DM,10,existing credits paid back duly till now,radio/TV,2315,< 100 DM,≥ 7 years,3,male (single),none,4,real estate,52,none,own,1,unskilled resident,1,none,yes,good
< 0 DM,48,existing credits paid back duly till now,car (used),4788,< 100 DM,4 ≤ … < 7 years,4,male (single),none,3,building society savings / life insurance,26,none,own,1,skilled employee,2,none,yes,good
no checking account,18,existing credits paid back duly till now,business,1568,100 ≤ … < 500 DM,1 ≤ … < 4 years,3,female (divorced/separated/married),none,4,building society savings / life insurance,24,none,rent,1,unskilled resident,1,none,yes,good
no checking account,15,all credits paid back at this bank,radio/TV,1569,100 ≤ … < 500 DM,≥ 7 years,4,male (single),none,4,car or other,34,bank,own,1,unskilled resident,2,none,yes,good
< 0 DM,40,critical account / other credits existing,education,5998,< 100 DM,1 ≤ … < 4 years,4,male (single),none,3,unknown / no property,27,bank,own,1,skilled employee,1,yes,yes,bad
no checking account,18,critical account / other credits existing,radio/TV,1169,unknown / no savings account,1 ≤ … < 4 years,4,male (single),none,3,building society savings / life insurance,29,none,own,2,skilled employee,1,yes,yes,good
0 ≤ … < 200 DM,12,existing credits paid back duly till now,car (new),1223,< 100 DM,≥ 7 years,1,male (divorced/separated),none,1,real estate,46,none,rent,2,skilled employee,1,none,yes,bad
< 0 DM,18,existing credits paid back duly till now,furniture/equipment,2659,≥ 1000 DM,1 ≤ … < 4 years,4,male (single),none,2,car or other,28,none,own,1,skilled employee,1,none,yes,good
no checking account,6,critical account / other credits existing,radio/TV,700,unknown / no savings account,≥ 7 years,4,male (single),none,4,unknown / no property,36,none,for free,2,skilled employee,1,none,yes,good
no checking account,10,existing credits paid back duly till now,car (used),2848,100 ≤ … < 500 DM,1 ≤ … < 4 years,1,male (single),co-applicant,2,real estate,32,none,own,1,skilled employee,2,none,yes,good
< 0 DM,9,existing credits paid back duly till now,radio/TV,1366,< 100 DM,< 1 year,3,female (divorced/separated/married),none,4,building society savings / life insurance,22,none,rent,1,skilled employee,1,none,yes,bad
no checking account,36,existing credits paid back duly till now,education,9055,unknown / no savings account,1 ≤ … < 4 years,2,male (single),none,4,unknown / no property,35,none,for free,1,unskilled resident,2,yes,yes,good
< 0 DM,24,existing credits paid back duly till now,radio/TV,1987,< 100 DM,1 ≤ … < 4 years,2,male (single),none,4,real estate,21,none,rent,1,unskilled resident,2,none,yes,bad
< 0 DM,24,existing credits paid back duly till now,car (used),2924,< 100 DM,1 ≤ … < 4 years,3,male (single),guarantor,4,unknown / no property,63,bank,own,1,skilled employee,2,yes,yes,good
0 ≤ … < 200 DM,18,existing credits paid back duly till now,business,2622,100 ≤ … < 500 DM,1 ≤ … < 4 years,4,male (single),none,4,car or other,34,none,own,1,skilled employee,1,none,yes,good
no checking account,36,critical account / other credits existing,business,6304,unknown / no savings account,≥ 7 years,4,male (single),none,4,real estate,36,none,own,2,skilled employee,1,none,yes,good
no checking account,36,delay in paying off in the past,radio/TV,4463,< 100 DM,1 ≤ … < 4 years,4,male (single),none,2,car or other,26,none,own,2,management / highly qualified / self-employed / officer,1,yes,yes,bad
no checking account,36,existing credits paid back duly till now,business,7409,unknown / no savings account,≥ 7 years,3,male (single),none,2,building society savings / life insurance,37,none,own,2,skilled employee,1,none,yes,good
no checking account,24,delay in paying off in the past,car (new),717,unknown / no savings account,≥ 7 years,4,male (married/widowed),none,4,car or other,54,none,own,2,skilled employee,1,yes,yes,good
< 0 DM,20,existing credits paid back duly till now,furniture/equipment,2212,unknown / no savings account,4 ≤ … < 7 years,4,male (single),none,4,car or other,39,none,own,1,skilled employee,1,yes,yes,good
< 0 DM,18,all credits paid back at this bank,furniture/equipment,1553,< 100 DM,1 ≤ … < 4 years,4,male (single),none,3,car or other,44,bank,own,1,skilled employee,1,none,yes,bad
0 ≤ … < 200 DM,18,existing credits paid back duly till now,car (used),12976,< 100 DM,unemployed,3,female (divorced/separated/married),none,4,unknown / no property,38,none,for free,1,management / highly qualified / self-employed / officer,1,yes,yes,bad
no checking account,12,critical account / other credits existing,radio/TV,1934,< 100 DM,≥ 7 years,2,male (single),none,2,unknown / no property,26,none,own,2,skilled employee,1,none,yes,good
< 0 DM,33,critical account / other credits existing,furniture/equipment,4281,500 ≤ … < 1000 DM,1 ≤ … < 4 years,1,female (divorced/separated/married),none,4,car or other,23,none,own,2,skilled employee,1,none,yes,bad
< 0 DM,16,critical account / other credits existing,car (new),2625,< 100 DM,≥ 7 years,2,male (single),guarantor,4,building society savings / life insurance,43,bank,rent,1,skilled employee,1,yes,yes,bad
< 0 DM,6,critical account / other credits existing,car (new),666,≥ 1000 DM,4 ≤ … < 7 years,3,female (divorced/separated/married),none,4,real estate,39,none,own,2,unskilled resident,1,yes,yes,good
no checking account,24,existing credits paid back duly till now,car (used),3488,100 ≤ … < 500 DM,4 ≤ … < 7 years,3,female (divorced/separated/married),none,4,car or other,23,none,own,1,skilled employee,1,none,yes,good
0 ≤ … < 200 DM,30,critical account / other credits existing,car (new),5234,< 100 DM,unemployed,4,male (married/widowed),none,2,car or other,28,none,own,2,management / highly qualified / self-employed / officer,1,none,yes,bad
no checking account,6,critical account / other credits existing,radio/TV,1382,< 100 DM,1 ≤ … < 4 years,1,female (divorced/separated/married),none,1,car or other,28,none,own,2,skilled employee,1,yes,yes,good
no checking account,36,existing credits paid back duly till now,furniture/equipment,3349,< 100 DM,1 ≤ … < 4 years,4,female (divorced/separated/married),none,2,car or other,28,none,own,1,management / highly qualified / self-employed / officer,1,yes,yes,bad
no checking account,15,existing credits paid back duly till now,radio/TV,1213,500 ≤ … < 1000 DM,≥ 7 years,4,male (single),none,3,building society savings / life insurance,47,stores,own,1,skilled employee,1,yes,yes,good
0 ≤ … < 200 DM,12,existing credits paid back duly till now,car (new),836,100 ≤ … < 500 DM,< 1 year,4,female (divorced/separated/married),none,2,building society savings / life insurance,23,bank,own,1,unskilled resident,1,none,yes,bad
< 0 DM,12,existing credits paid back duly till now,furniture/equipment,1289,< 100 DM,1 ≤ … < 4 years,4,male (single),guarantor,1,building society savings / life insurance,21,none,own,1,unskilled resident,1,none,yes,good
no checking account,12,critical account / other credits existing,furniture/equipment,1258,< 100 DM,< 1 year,2,female (divorced/separated/married),none,4,building society savings / life insurance,22,none,rent,2,unskilled resident,1,none,yes,good
< 0 DM,30,existing credits paid back duly till now,radio/TV,2522,< 100 DM,≥ 7 years,1,male (single),guarantor,3,building society savings / life insurance,39,none,own,1,skilled employee,2,none,yes,good
no checking account,12,existing credits paid back duly till now,business,1076,< 100 DM,1 ≤ … < 4 years,2,male (married/widowed),none,2,real estate,26,none,own,1,skilled employee,1,yes,no,good
no checking account,36,existing credits paid back duly till now,radio/TV,3835,unknown / no savings account,≥ 7 years,2,female (divorced/separated/married),none,4,real estate,45,none,own,1,unskilled resident,1,yes,yes,good
no checking account,18,existing credits paid back duly till now,radio/TV,1505,< 100 DM,1 ≤ … < 4 years,4,male (single),none,2,unknown / no property,32,none,for free,1,management / highly qualified / self-employed / officer,1,yes,yes,good
< 0 DM,30,existing credits paid back duly till now,furniture/equipment,2406,< 100 DM,4 ≤ … < 7 years,4,female (divorced/separated/married),none,4,real estate,23,none,rent,1,skilled employee,1,none,yes,bad
0 ≤ … < 200 DM,15,delay in paying off in the past,repairs,1512,≥ 1000 DM,1 ≤ … < 4 years,3,male (married/widowed),none,3,building society savings / life insurance,61,stores,own,2,skilled employee,1,none,yes,bad
< 0 DM,12,existing credits paid back duly till now,furniture/equipment,7865,< 100 DM,≥ 7 years,4,male (single),none,4,unknown / no property,53,none,for free,1,management / highly qualified / self-employed / officer,1,yes,yes,bad
0 ≤ … < 200 DM,18,critical account / other credits existing,business,3590,< 100 DM,unemployed,3,male (married/widowed),none,3,car or other,40,none,own,3,unemployed / unskilled non-resident,2,yes,yes,good
< 0 DM,24,all credits paid back at this bank,furniture/equipment,3349,500 ≤ … < 1000 DM,< 1 year,4,male (single),none,4,unknown / no property,30,none,for free,1,skilled employee,2,yes,yes,bad
< 0 DM,18,existing credits paid back duly till now,car (used),7511,unknown / no savings account,≥ 7 years,1,male (single),none,4,building society savings / life insurance,51,none,for free,1,skilled employee,2,yes,yes,bad
< 0 DM,36,existing credits paid back duly till now,car (used),5493,< 100 DM,≥ 7 years,2,male (single),none,4,unknown / no property,42,none,for free,1,skilled employee,2,none,yes,good
no checking account,18,existing credits paid back duly till now,business,1950,< 100 DM,4 ≤ … < 7 years,4,male (single),none,1,car or other,34,stores,own,2,skilled employee,1,yes,yes,good
≥ 200 DM,12,delay in paying off in the past,car (new),2247,< 100 DM,1 ≤ … < 4 years,2,female (divorced/separated/married),none,2,car or other,36,stores,own,2,skilled employee,1,yes,yes,good
no checking account,33,delay in paying off in the past,business,2764,< 100 DM,1 ≤ … < 4 years,2,female (divorced/separated/married),none,2,car or other,26,none,own,2,skilled employee,1,yes,yes,good
0 ≤ … < 200 DM,30,delay in paying off in the past,radio/TV,1919,100 ≤ … < 500 DM,< 1 year,4,male (single),none,3,unknown / no property,30,stores,own,2,management / highly qualified / self-employed / officer,1,none,yes,bad
no checking account,9,existing credits paid back duly till now,furniture/equipment,1313,< 100 DM,≥ 7 years,1,male (single),none,4,car or other,20,none,own,1,skilled employee,1,none,yes,good
0 ≤ … < 200 DM,36,existing credits paid back duly till now,car (used),6948,< 100 DM,1 ≤ … < 4 years,2,male (single),none,2,car or other,35,none,rent,1,management / highly qualified / self-employed / officer,1,yes,yes,good
< 0 DM,12,existing credits paid back duly till now,furniture/equipment,1282,< 100 DM,1 ≤ … < 4 years,2,female (divorced/separated/married),none,4,car or other,20,none,rent,1,skilled employee,1,none,yes,bad
no checking account,24,delay in paying off in the past,car (new),2032,< 100 DM,≥ 7 years,4,male (single),none,4,unknown / no property,60,none,for free,2,skilled employee,1,yes,yes,good
no checking account,12,existing credits paid back duly till now,car (new),1884,< 100 DM,≥ 7 years,4,male (single),none,4,car or other,39,none,own,1,management / highly qualified / self-employed / officer,1,yes,yes,good
< 0 DM,30,existing credits paid back duly till now,furniture/equipment,3622,≥ 1000 DM,≥ 7 years,4,female (divorced/separated/married),none,4,building society savings / life insurance,57,none,rent,2,skilled employee,1,yes,yes,good
0 ≤ … < 200 DM,12,critical account / other credits existing,car (new),958,< 100 DM,4 ≤ … < 7 years,2,male (single),none,3,real estate,47,none,own,2,unskilled resident,2,none,yes,good
no checking account,36,critical account / other credits existing,car (used),5711,≥ 1000 DM,≥ 7 years,4,male (single),none,2,car or other,38,none,own,2,management / highly qualified / self-employed / officer,1,yes,yes,good
no checking account,24,existing credits paid back duly till now,radio/TV,3621,100 ≤ … < 500 DM,≥ 7 years,2,male (single),none,4,car or other,31,none,own,2,skilled employee,1,none,yes,bad
< 0 DM,24,no credits taken / all paid back duly,furniture/equipment,4110,< 100 DM,≥ 7 years,3,male (single),none,4,unknown / no property,23,bank,rent,2,skilled employee,2,none,yes,bad
0 ≤ … < 200 DM,12,existing credits paid back duly till now,radio/TV,2930,< 100 DM,4 ≤ … < 7 years,2,female (divorced/separated/married),none,1,real estate,27,none,own,1,skilled employee,1,none,yes,good
< 0 DM,12,existing credits paid back duly till now,radio/TV,1498,< 100 DM,1 ≤ … < 4 years,4,female (divorced/separated/married),none,1,car or other,23,bank,own,1,skilled employee,1,none,yes,good
no checking account,24,critical account / other credits existing,radio/TV,2578,≥ 1000 DM,≥ 7 years,2,male (single),none,2,car or other,34,none,own,1,skilled employee,1,none,yes,good
< 0 DM,24,all credits paid back at this bank,others,1358,unknown / no savings account,≥ 7 years,4,male (single),none,3,car or other,40,stores,own,1,management / highly qualified / self-employed / officer,1,yes,yes,bad
0 ≤ … < 200 DM,36,existing credits paid back duly till now,education,2273,< 100 DM,4 ≤ … < 7 years,3,male (single),none,1,car or other,32,none,own,2,skilled employee,2,none,yes,good
0 ≤ … < 200 DM,12,critical account / other credits existing,car (new),3124,< 100 DM,< 1 year,1,male (single),none,3,real estate,49,bank,own,2,unskilled resident,2,none,yes,good
0 ≤ … < 200 DM,12,no credits taken / all paid back duly,furniture/equipment,2969,< 100 DM,< 1 year,4,female (divorced/separated/married),none,3,building society savings / life insurance,25,none,rent,2,skilled employee,1,none,yes,bad
≥ 200 DM,12,existing credits paid back duly till now,furniture/equipment,1424,unknown / no savings account,≥ 7 years,3,female (divorced/separated/married),none,4,real estate,55,none,own,1,management / highly qualified / self-employed / officer,1,yes,yes,good
no checking account,24,existing credits paid back duly till now,car (used),2670,< 100 DM,≥ 7 years,4,male (single),none,4,car or other,35,none,own,1,management / highly qualified / self-employed / officer,1,yes,yes,good
no checking account,9,existing credits paid back duly till now,radio/TV,1478,< 100 DM,4 ≤ … < 7 years,4,male (single),none,2,car or other,22,none,own,1,skilled employee,1,none,yes,bad
no checking account,18,critical account / other credits existing,car (used),3229,unknown / no savings account,unemployed,2,male (single),none,4,unknown / no property,38,none,own,1,management / highly qualified / self-employed / officer,1,yes,yes,good
0 ≤ … < 200 DM,48,all credits paid back at this bank,business,6416,< 100 DM,≥ 7 years,4,female (divorced/separated/married),none,3,unknown / no property,59,none,rent,1,skilled employee,1,none,yes,bad
< 0 DM,27,no credits taken / all paid back duly,business,5293,< 100 DM,unemployed,2,male (single),none,4,building society savings / life insurance,50,stores,own,2,skilled employee,1,yes,yes,bad
0 ≤ … < 200 DM,30,existing credits paid back duly till now,furniture/equipment,3832,< 100 DM,< 1 year,2,male (married/widowed),none,1,building society savings / life insurance,22,none,own,1,skilled employee,1,none,yes,good
< 0 DM,36,critical account / other credits existing,furniture/equipment,5371,< 100 DM,1 ≤ … < 4 years,3,male (single),guarantor,2,building society savings / life insurance,28,none,own,2,skilled employee,1,none,yes,good
≥ 200 DM,24,critical account / other credits existing,car (new),1344,unknown / no savings account,4 ≤ … < 7 years,4,male (single),none,2,real estate,37,bank,own,2,unskilled resident,2,none,yes,bad
no checking account,42,critical account / other credits existing,furniture/equipment,4042,500 ≤ … < 1000 DM,1 ≤ … < 4 years,4,male (single),none,4,real estate,36,none,own,2,skilled employee,1,yes,yes,good
< 0 DM,18,existing credits paid back duly till now,radio/TV,3509,< 100 DM,4 ≤ … < 7 years,4,female (divorced/separated/married),guarantor,1,real estate,25,none,own,1,skilled employee,1,none,yes,good
≥ 200 DM,15,critical account / other credits existing,car (used),2360,500 ≤ … < 1000 DM,1 ≤ … < 4 years,2,male (single),none,2,car or other,36,none,own,1,skilled employee,1,yes,yes,good
0 ≤ … < 200 DM,18,existing credits paid back duly till now,radio/TV,3213,500 ≤ … < 1000 DM,< 1 year,1,male (married/widowed),none,3,real estate,25,none,rent,1,skilled employee,1,none,yes,good
0 ≤ … < 200 DM,6,delay in paying off in the past,car (new),1209,< 100 DM,unemployed,4,male (single),none,4,building society savings / life insurance,47,none,own,1,management / highly qualified / self-employed / officer,1,yes,yes,bad
< 0 DM,6,all credits paid back at this bank,education,1198,< 100 DM,≥ 7 years,4,female (divorced/separated/married),none,4,unknown / no property,35,none,for free,1,skilled employee,1,none,yes,bad
no checking account,18,existing credits paid back duly till now,furniture/equipment,1984,< 100 DM,1 ≤ … < 4 years,4,male (single),none,4,unknown / no property,47,bank,for free,2,skilled employee,1,none,yes,good
0 ≤ … < 200 DM,30,delay in paying off in the past,business,2503,100 ≤ … < 500 DM,≥ 7 years,4,male (single),none,2,building society savings / life insurance,41,stores,own,2,skilled employee,1,none,yes,good
no checking account,24,existing credits paid back duly till now,furniture/equipment,5511,100 ≤ … < 500 DM,1 ≤ … < 4 years,4,male (single),none,1,car or other,25,stores,own,1,skilled employee,1,none,yes,good
< 0 DM,12,existing credits paid back duly till now,car (new),1228,< 100 DM,1 ≤ … < 4 years,4,female (divorced/separated/married),none,2,real estate,24,none,own,1,unskilled resident,1,none,yes,bad
no checking account,9,existing credits paid back duly till now,education,3832,unknown / no savings account,≥ 7 years,1,male (single),none,4,real estate,64,none,own,1,unskilled resident,1,none,yes,good
< 0 DM,6,critical account / other credits existing,radio/TV,1169,unknown / no savings account,≥ 7 years,4,male (single),none,4,real estate,67,none,own,2,skilled employee,1,yes,yes,good
< 0 DM,12,existing credits paid back duly till now,furniture/equipment,708,< 100 DM,1 ≤ … < 4 years,2,male (single),guarantor,3,building society savings / life insurance,38,none,own,1,unskilled resident,2,none,yes,good
0 ≤ … < 200 DM,48,existing credits paid back duly till now,car (new),6560,100 ≤ … < 500 DM,4 ≤ … < 7 years,3,male (single),none,2,building society savings / life insurance,24,none,own,1,skilled employee,1,none,yes,bad
no checking account,24,existing credits paid back duly till now,radio/TV,1552,< 100 DM,4 ≤ … < 7 years,3,male (single),none,1,car or other,32,bank,own,1,skilled employee,2,none,yes,good
< 0 DM,24,critical account / other credits existing,business,1382,100 ≤ … < 500 DM,4 ≤ … < 7 years,4,male (single),none,1,real estate,26,none,own,2,skilled employee,1,yes,yes,good
no checking account,12,delay in paying off in the past,car (used),1503,< 100 DM,1 ≤ … < 4 years,4,male (married/widowed),none,4,real estate,41,none,rent,1,skilled employee,1,none,yes,good
≥ 200 DM,24,existing credits paid back duly till now,radio/TV,5152,< 100 DM,4 ≤ … < 7 years,4,male (single),none,2,car or other,25,bank,own,1,skilled employee,1,none,yes,good
0 ≤ … < 200 DM,18,delay in paying off in the past,car (new),2899,unknown / no savings account,≥ 7 years,4,male (single),none,4,car or other,43,none,own,1,skilled employee,2,none,yes,good
0 ≤ … < 200 DM,24,delay in paying off in the past,furniture/equipment,2064,< 100 DM,unemployed,3,female (divorced/separated/married),none,2,building society savings / life insurance,34,none,own,1,management / highly qualified / self-employed / officer,1,yes,yes,bad
< 0 DM,12,critical account / other credits existing,car (new),2121,< 100 DM,1 ≤ … < 4 years,4,male (single),none,2,building society savings / life insurance,30,none,own,2,skilled employee,1,none,yes,good
no checking account,9,critical account / other credits existing,furniture/equipment,2406,< 100 DM,unemployed,2,male (single),none,3,car or other,31,none,own,1,management / highly qualified / self-employed / officer,1,none,yes,good
no checking account,15,existing credits paid back duly till now,car (new),3186,≥ 1000 DM,4 ≤ … < 7 years,2,female (divorced/separated/married),none,3,car or other,20,none,rent,1,skilled employee,1,none,yes,good
< 0 DM,48,existing credits paid back duly till now,radio/TV,6999,< 100 DM,4 ≤ … < 7 years,1,male (married/widowed),guarantor,1,real estate,34,none,own,2,skilled employee,1,yes,yes,bad
no checking account,15,existing credits paid back duly till now,radio/TV,1386,unknown / no savings account,1 ≤ … < 4 years,4,male (married/widowed),none,2,real estate,40,none,rent,1,skilled employee,1,yes,yes,good
no checking account,12,critical account / other credits existing,radio/TV,618,< 100 DM,≥ 7 years,4,male (single),none,4,real estate,56,none,own,1,skilled employee,1,none,yes,good
no checking account,24,critical account / other credits existing,car (used),6842,unknown / no savings account,1 ≤ … < 4 years,2,male (single),none,4,building society savings / life insurance,46,none,own,2,management / highly qualified / self-employed / officer,2,yes,yes,good
0 ≤ … < 200 DM,36,delay in paying off in the past,business,4455,< 100 DM,1 ≤ … < 4 years,2,male (divorced/separated),none,2,real estate,30,stores,own,2,management / highly qualified / self-employed / officer,1,yes,yes,bad
< 0 DM,30,existing credits paid back duly till now,repairs,11998,< 100 DM,< 1 year,1,male (divorced/separated),none,1,unknown / no property,34,none,own,1,unskilled resident,1,yes,yes,bad
no checking account,36,delay in paying off in the past,car (used),8947,unknown / no savings account,4 ≤ … < 7 years,3,male (single),none,2,car or other,31,stores,own,1,management / highly qualified / self-employed / officer,2,yes,yes,good
no checking account,36,existing credits paid back duly till now,radio/TV,2394,unknown / no savings account,1 ≤ … < 4 years,4,female (divorced/separated/married),none,4,car or other,25,none,own,1,skilled employee,1,none,yes,good
0 ≤ … < 200 DM,36,existing credits paid back duly till now,car (used),9398,< 100 DM,< 1 year,1,male (married/widowed),none,4,car or other,28,none,rent,1,management / highly qualified / self-employed / officer,1,yes,yes,bad
< 0 DM,36,delay in paying off in the past,education,6887,< 100 DM,1 ≤ … < 4 years,4,male (single),none,3,building society savings / life insurance,29,stores,own,1,skilled employee,1,yes,yes,bad
no checking account,6,existing credits paid back duly till now,car (new),672,< 100 DM,unemployed,1,female (divorced/separated/married),none,4,real estate,54,none,own,1,unemployed / unskilled non-resident,1,yes,yes,good
0 ≤ … < 200 DM,12,existing credits paid back duly till now,furniture/equipment,2762,unknown / no savings account,≥ 7 years,1,female (divorced/separated/married),none,2,building society savings / life insurance,25,bank,own,1,skilled employee,1,yes,yes,bad
no checking account,12,critical account / other credits existing,furniture/equipment,5801,unknown / no savings account,≥ 7 years,2,male (single),none,4,building society savings / life insurance,49,none,rent,1,skilled employee,1,yes,yes,good
no checking account,21,critical account / other credits existing,furniture/equipment,2288,< 100 DM,< 1 year,4,female (divorced/separated/married),none,4,building society savings / life insurance,23,none,own,1,skilled employee,1,yes,yes,good
no checking account,21,delay in paying off in the past,furniture/equipment,1591,100 ≤ … < 500 DM,4 ≤ … < 7 years,4,male (single),none,3,real estate,34,none,own,2,management / highly qualified / self-employed / officer,1,none,yes,good
0 ≤ … < 200 DM,18,critical account / other credits existing,car (new),1056,< 100 DM,≥ 7 years,3,male (single),guarantor,3,real estate,30,bank,own,2,skilled employee,1,none,yes,bad
no checking account,12,critical account / other credits existing,radio/TV,1240,unknown / no savings account,≥ 7 years,4,female (divorced/separated/married),none,2,real estate,38,none,own,2,skilled employee,1,yes,yes,good
no checking account,36,critical account / other credits existing,car (used),11054,unknown / no savings account,1 ≤ … < 4 years,4,male (single),none,2,car or other,30,none,own,1,management / highly qualified / self-employed / officer,1,yes,yes,good
no checking account,36,existing credits paid back duly till now,car (new),909,500 ≤ … < 1000 DM,≥ 7 years,4,male (single),none,4,building society savings / life insurance,36,none,own,1,skilled employee,1,none,yes,good
0 ≤ … < 200 DM,7,existing credits paid back duly till now,radio/TV,2415,< 100 DM,1 ≤ … < 4 years,3,male (single),guarantor,2,real estate,34,none,own,1,skilled employee,1,none,yes,good
no checking account,24,critical account / other credits existing,radio/TV,2223,100 ≤ … < 500 DM,≥ 7 years,4,male (single),none,4,building society savings / life insurance,52,bank,own,2,skilled employee,1,none,yes,good
no checking account,6,existing credits paid back duly till now,radio/TV,2108,< 100 DM,4 ≤ … < 7 years,2,male (married/widowed),none,2,real estate,29,none,rent,1,skilled employee,1,none,yes,good
0 ≤ … < 200 DM,15,critical account / other credits existing,business,2326,500 ≤ … < 1000 DM,1 ≤ … < 4 years,2,male (single),none,4,car or other,27,bank,own,1,skilled employee,1,none,yes,good
no checking account,15,critical account / other credits existing,radio/TV,1471,< 100 DM,1 ≤ … < 4 years,4,male (single),none,4,unknown / no property,35,none,for free,2,skilled employee,1,yes,yes,good
0 ≤ … < 200 DM,24,critical account / other credits existing,business,1935,< 100 DM,≥ 7 years,4,male (divorced/separated),none,4,real estate,31,none,own,2,skilled employee,1,yes,yes,bad
no checking account,15,existing credits paid back duly till now,car (new),5324,500 ≤ … < 1000 DM,≥ 7 years,1,female (divorced/separated/married),none,4,unknown / no property,35,none,for free,1,skilled employee,1,none,yes,good
≥ 200 DM,6,existing credits paid back duly till now,car (new),709,≥ 1000 DM,< 1 year,2,male (married/widowed),none,2,real estate,27,none,own,1,unemployed / unskilled non-resident,1,none,no,good
0 ≤ … < 200 DM,8,existing credits paid back duly till now,radio/TV,1414,< 100 DM,1 ≤ … < 4 years,4,male (single),guarantor,2,real estate,33,none,own,1,skilled employee,1,none,no,good
no checking account,24,existing credits paid back duly till now,furniture/equipment,2835,500 ≤ … < 1000 DM,≥ 7 years,3,male (single),none,4,building society savings / life insurance,53,none,own,1,skilled employee,1,none,yes,good
< 0 DM,13,critical account / other credits existing,business,1797,< 100 DM,< 1 year,3,male (single),none,1,building society savings / life insurance,28,bank,own,2,unskilled resident,1,none,yes,good
0 ≤ … < 200 DM,12,existing credits paid back duly till now,business,1037,100 ≤ … < 500 DM,4 ≤ … < 7 years,3,male (single),none,4,real estate,39,none,own,1,unskilled resident,1,none,yes,good
0 ≤ … < 200 DM,42,critical account / other credits existing,business,5954,< 100 DM,4 ≤ … < 7 years,2,female (divorced/separated/married),none,1,real estate,41,bank,own,2,unskilled resident,1,none,yes,good
no checking account,36,delay in paying off in the past,radio/TV,4454,< 100 DM,1 ≤ … < 4 years,4,female (divorced/separated/married),none,4,real estate,34,none,own,2,skilled employee,1,none,yes,good
< 0 DM,48,existing credits paid back duly till now,domestic appliances,3051,< 100 DM,1 ≤ … < 4 years,3,male (single),none,4,car or other,54,none,own,1,skilled employee,1,none,yes,bad
no checking account,12,critical account / other credits existing,radio/TV,1291,< 100 DM,1 ≤ … < 4 years,4,female (divorced/separated/married),none,2,building society savings / life insurance,35,none,own,2,skilled employee,1,none,yes,good
0 ≤ … < 200 DM,48,all credits paid back at this bank,business,3566,100 ≤ … < 500 DM,4 ≤ … < 7 years,4,male (single),none,2,car or other,30,none,own,1,skilled employee,1,none,yes,good
no checking account,6,critical account / other credits existing,furniture/equipment,1221,unknown / no savings account,1 ≤ … < 4 years,1,male (married/widowed),none,2,building society savings / life insurance,27,none,own,2,skilled employee,1,none,yes,good
no checking account,4,critical account / other credits existing,radio/TV,1544,< 100 DM,4 ≤ … < 7 years,2,male (single),none,1,real estate,42,none,own,3,unskilled resident,2,none,yes,good
0 ≤ … < 200 DM,12,existing credits paid back duly till now,radio/TV,625,< 100 DM,< 1 year,4,male (married/widowed),guarantor,1,real estate,26,bank,own,1,unskilled resident,1,none,yes,good
0 ≤ … < 200 DM,12,existing credits paid back duly till now,car (new),2002,< 100 DM,4 ≤ … < 7 years,3,male (single),none,4,building society savings / life insurance,30,none,rent,1,skilled employee,2,yes,yes,good
< 0 DM,24,existing credits paid back duly till now,car (new),3123,< 100 DM,< 1 year,4,female (divorced/separated/married),none,1,building society savings / life insurance,27,none,own,1,skilled employee,1,none,yes,bad
no checking account,15,existing credits paid back duly till now,furniture/equipment,2708,< 100 DM,< 1 year,2,male (single),none,3,building society savings / life insurance,27,bank,own,2,unskilled resident,1,none,yes,good
no checking account,12,critical account / other credits existing,education,3565,unknown / no savings account,< 1 year,2,male (single),none,1,building society savings / life insurance,37,none,own,2,unskilled resident,2,none,yes,good
≥ 200 DM,12,critical account / other credits existing,car (new),1480,500 ≤ … < 1000 DM,unemployed,2,male (single),none,4,unknown / no property,66,bank,for free,3,unemployed / unskilled non-resident,1,none,yes,good
no checking account,15,critical account / other credits existing,radio/TV,1360,< 100 DM,1 ≤ … < 4 years,4,male (single),none,2,building society savings / life insurance,31,none,own,2,skilled employee,1,none,yes,good
0 ≤ … < 200 DM,12,existing credits paid back duly till now,radio/TV,1158,500 ≤ … < 1000 DM,1 ≤ … < 4 years,3,male (divorced/separated),none,1,car or other,26,none,own,1,skilled employee,1,yes,yes,good
0 ≤ … < 200 DM,12,existing credits paid back duly till now,radio/TV,1103,< 100 DM,4 ≤ … < 7 years,4,male (single),guarantor,3,real estate,29,none,own,2,skilled employee,1,none,no,good
< 0 DM,24,existing credits paid back duly till now,furniture/equipment,7721,unknown / no savings account,< 1 year,1,female (divorced/separated/married),none,2,building society savings / life insurance,30,none,own,1,skilled employee,1,yes,no,good
< 0 DM,18,existing credits paid back duly till now,domestic appliances,1217,< 100 DM,1 ≤ … < 4 years,4,male (married/widowed),none,3,real estate,47,none,own,1,unskilled resident,1,yes,yes,bad
0 ≤ … < 200 DM,12,existing credits paid back duly till now,radio/TV,6468,unknown / no savings account,unemployed,2,male (single),none,1,unknown / no property,52,none,own,1,management / highly qualified / self-employed / officer,1,yes,yes,bad
0 ≤ … < 200 DM,24,existing credits paid back duly till now,radio/TV,2039,< 100 DM,< 1 year,1,male (married/widowed),none,1,building society savings / life insurance,22,none,own,1,skilled employee,1,yes,yes,bad
0 ≤ … < 200 DM,20,delay in paying off in the past,others,2629,< 100 DM,1 ≤ … < 4 years,2,male (single),none,3,car or other,29,bank,own,2,skilled employee,1,yes,yes,good
≥ 200 DM,15,critical account / other credits existing,radio/TV,1271,unknown / no savings account,1 ≤ … < 4 years,3,male (single),none,4,unknown / no property,39,none,for free,2,skilled employee,1,yes,yes,bad
no checking account,12,existing credits paid back duly till now,radio/TV,804,< 100 DM,≥ 7 years,4,male (single),none,4,car or other,38,none,own,1,skilled employee,1,none,yes,good
